{
  "cv_results": {
    "mean_f1": 0.9873545852146574,
    "std_f1": 0.010708508209150851,
    "fold_scores": [
      0.9703429101019463,
      0.9932601017465409,
      0.9799518072289156,
      1.0,
      0.9932181069958848
    ],
    "best_fold": 